Show ID,Type,Title,Country,Release Year,Rating
s1,Movie,Dick Johnson Is Dead,United States,2020,PG-13
s2,TV Show,Blood & Water,South Africa,2021,TV-MA
s3,TV Show,Ganglands,France,2021,TV-MA
s4,TV Show,Jailbirds New Orleans,United States,2021,TV-MA
s5,TV Show,Kota Factory,India,2021,TV-MA
s6,TV Show,Midnight Mass,United States,2021,TV-MA
s7,Movie,My Little Pony: A New Generation,"Canada, United States, Ireland",2021,PG
s8,Movie,Sankofa,"United States, Ghana, Burkina Faso, United Kingdom, Germany, Ethiopia",1993,TV-MA
s9,TV Show,The Great British Baking Show,United Kingdom,2021,TV-14
s10,Movie,The Starling,United States,2021,PG-13
s11,TV Show,"Vendetta: Truth, Lies and The Mafia",Italy,2021,TV-MA
s12,TV Show,Bangkok Breaking,Thailand,2021,TV-MA
s13,Movie,Je Suis Karl,"Germany, Czech Republic",2021,TV-MA
s14,Movie,Confessions of an Invisible Girl,Brazil,2021,TV-PG
s15,TV Show,Crime Stories: India Detectives,India,2021,TV-MA
s16,TV Show,Dear White People,United States,2021,TV-MA
s17,Movie,Europe's Most Dangerous Man: Otto Skorzeny in Spain,Spain,2020,TV-MA
s18,TV Show,Falsa identidad,Mexico,2020,TV-MA
s19,Movie,Intrusion,United States,2021,TV-14
s20,TV Show,Jaguar,Spain,2021,TV-MA
s21,TV Show,Monsters Inside: The 24 Faces of Billy Milligan,United States,2021,TV-14
s22,TV Show,Resurrection: Ertugrul,Turkey,2018,TV-14
s23,Movie,Avvai Shanmughi,India,1996,TV-PG
s24,Movie,Go! Go! Cory Carson: Chrissy Takes the Wheel,United States,2021,TV-Y
s25,Movie,Jeans,India,1998,TV-14
s26,TV Show,Love on the Spectrum,Australia,2021,TV-14
s27,Movie,Minsara Kanavu,India,1997,TV-PG
s28,Movie,Grown Ups,United States,2010,PG-13
s29,Movie,Dark Skies,United States,2013,PG-13
s30,Movie,Paranoia,"United States, India, France",2013,PG-13